temp,hum,soil,Pump_Action
31.2,93.6,567.0,0
31.2,93.6,567.0,0
30.5,74.6,307.0,1
30.4,76.6,308.0,1
30.4,76.6,308.0,1
30.3,77.1,307.0,1
30.3,76.5,307.0,1
30.3,78.1,307.0,1
30.3,78.8,307.0,1
30.3,78.8,307.0,1
30.2,77.5,308.0,1
30.2,77.6,307.0,1
30.2,77.6,307.0,1
30.2,78.7,307.0,1
30.2,78.5,307.0,1
30.1,78.5,307.0,1
30.1,78.9,307.0,1
30.1,80.4,307.0,1
30.1,78.9,307.0,1
30.0,77.6,307.0,1
30.0,79.7,307.0,1
30.0,78.9,307.0,1
29.9,77.3,307.0,1
29.8,77.0,307.0,1
29.7,77.9,307.0,1
29.6,77.8,307.0,1
29.6,79.1,306.0,1
29.6,80.6,306.0,1
29.5,78.7,306.0,1
29.5,80.6,306.0,1
29.5,79.7,307.0,1
29.4,81.3,307.0,1
29.4,79.2,306.0,1
29.4,79.8,306.0,1
29.4,80.7,306.0,1
29.4,80.7,306.0,1
29.5,79.2,306.0,1
29.5,79.1,307.0,1
29.6,79.9,307.0,1
29.6,81.9,306.0,1
29.7,79.1,306.0,1
30.3,75.6,306.0,1
30.2,76.7,306.0,1
30.2,76.2,306.0,1
30.2,74.7,306.0,1
30.2,75.8,306.0,1
30.2,75.7,306.0,1
31.2,95.0,587.0,0
31.2,95.0,587.0,0
25.9,94.4,309.0,1
26.0,92.6,284.0,1
26.0,95.0,310.0,1
25.9,95.0,297.0,1
25.9,98.2,281.0,1
25.9,92.7,265.0,1
28.9,80.4,228.0,1
28.8,80.9,225.0,1
28.8,79.9,314.0,1
30.2,96.3,532.0,0
25.8,95.7,209.0,1
25.7,95.0,212.0,1
25.8,93.7,214.0,1
25.8,95.0,204.0,1
25.8,93.7,204.0,1
25.8,97.7,204.0,1
25.9,97.7,587.0,0
27.4,88.5,587.0,0
27.5,88.4,215.0,1
27.5,87.5,215.0,1
27.5,84.6,214.0,1
27.5,86.8,215.0,1
27.4,83.9,213.0,1
27.4,80.8,215.0,1
27.5,83.6,214.0,1
27.5,81.5,213.0,1
27.5,86.3,213.0,1
27.4,82.3,215.0,1
27.5,86.3,213.0,1
28.8,78.3,268.0,1
28.8,78.2,265.0,1
28.8,78.9,265.0,1
28.8,77.9,267.0,1
28.8,78.1,268.0,1
28.8,79.0,265.0,1
28.8,78.9,265.0,1
28.8,77.0,266.0,1
28.7,78.5,268.0,1
28.7,77.6,265.0,1
28.7,78.5,265.0,1
28.7,78.5,265.0,1
28.8,81.2,268.0,1
28.7,80.5,265.0,1
28.7,80.0,265.0,1
28.7,78.6,266.0,1
28.7,78.3,265.0,1
28.7,79.8,265.0,1
28.7,78.3,265.0,1
28.7,79.0,268.0,1
28.6,78.3,266.0,1
28.7,78.5,265.0,1
28.7,78.0,265.0,1
28.7,77.1,268.0,1
28.7,79.6,265.0,1
28.7,79.0,264.0,1
28.6,79.5,265.0,1
28.6,79.0,268.0,1
28.6,79.3,266.0,1
28.6,79.0,264.0,1
28.6,78.5,265.0,1
28.6,79.0,268.0,1
28.6,78.3,265.0,1
28.5,76.8,589.0,0
28.5,77.6,589.0,0
28.5,78.5,264.0,1
28.5,77.6,265.0,1
28.5,78.1,268.0,1
28.5,77.0,264.0,1
28.5,78.0,264.0,1
28.5,77.8,265.0,1
28.5,78.5,268.0,1
28.5,77.3,266.0,1
28.5,79.5,264.0,1
28.4,78.6,264.0,1
28.4,78.0,268.0,1
28.4,77.9,266.0,1
28.4,78.3,264.0,1
29.7,95.0,587.0,0
29.7,95.0,587.0,0
25.2,95.0,268.0,1
27.4,89.1,268.0,1
27.4,90.1,268.0,1
25.2,95.0,228.0,1
25.2,95.0,228.0,1
25.3,95.0,230.0,1
25.3,95.0,228.0,1
25.3,95.0,230.0,1
25.3,95.0,227.0,1
25.2,95.0,227.0,1
25.2,95.0,229.0,1
25.2,95.0,229.0,1
25.2,95.0,227.0,1
28.6,83.8,232.0,1
28.6,82.6,230.0,1
28.7,82.3,230.0,1
28.7,82.8,233.0,1
28.7,81.6,230.0,1
28.8,82.0,231.0,1
28.7,82.8,235.0,1
28.6,83.2,229.0,1
28.5,82.6,237.0,1
28.6,80.5,233.0,1
28.7,79.1,230.0,1
28.8,77.4,238.0,1
28.8,79.5,231.0,1
30.0,62.7,231.0,1
30.0,62.5,231.0,1
30.0,63.2,237.0,1
30.0,62.2,231.0,1
30.0,61.7,231.0,1
30.0,62.0,237.0,1
30.0,62.2,232.0,1
29.9,63.5,232.0,1
29.9,64.0,235.0,1
29.9,65.7,234.0,1
29.9,65.5,232.0,1
29.9,65.2,229.0,1
29.9,66.3,232.0,1
28.9,83.7,213.0,1
28.9,84.8,502.0,0
27.6,89.0,502.0,0
27.6,96.0,215.0,1
27.6,87.8,212.0,1
27.6,96.5,214.0,1
27.5,93.0,213.0,1
29.0,86.9,203.0,1
29.0,86.9,213.0,1
29.0,86.7,195.0,1
28.9,86.0,196.0,1
28.9,86.3,196.0,1
28.9,85.8,196.0,1
28.9,86.0,196.0,1
28.9,85.8,196.0,1
28.9,85.8,196.0,1
28.9,85.8,196.0,1
28.9,85.8,196.0,1
28.9,85.8,196.0,1
28.9,85.8,196.0,1
28.9,85.8,196.0,1
28.9,85.8,196.0,1
28.9,85.8,196.0,1
28.9,85.8,196.0,1
28.9,85.8,196.0,1
28.9,85.8,196.0,1
28.9,85.8,196.0,1
28.9,85.8,196.0,1
28.9,85.8,196.0,1
28.9,85.8,196.0,1
28.9,85.8,196.0,1
28.9,85.8,196.0,1
28.9,85.8,196.0,1
28.9,85.8,196.0,1
28.9,85.8,196.0,1
28.9,85.8,196.0,1
28.9,85.8,196.0,1
28.9,85.8,196.0,1
28.9,85.8,196.0,1
28.9,85.8,196.0,1
28.9,85.8,196.0,1
28.9,85.8,196.0,1
28.9,85.8,196.0,1
28.9,85.8,196.0,1
28.9,85.8,196.0,1
28.9,85.8,196.0,1
28.9,85.8,196.0,1
28.9,85.8,196.0,1
28.9,85.8,196.0,1
28.9,85.8,196.0,1
28.9,85.8,196.0,1
28.9,85.8,196.0,1
28.9,85.8,196.0,1
28.9,85.8,196.0,1
28.9,85.8,196.0,1
28.9,85.8,196.0,1
28.9,85.8,196.0,1
28.9,85.8,196.0,1
28.9,85.8,196.0,1
28.9,85.8,196.0,1
28.9,85.8,196.0,1
28.9,85.8,196.0,1
28.9,85.8,196.0,1
28.9,85.8,196.0,1
28.9,85.8,196.0,1
28.9,85.8,196.0,1
28.9,85.8,196.0,1
28.3,88.7,234.0,1
28.3,87.2,235.0,1
28.3,88.4,232.0,1
28.3,88.4,232.0,1
28.3,88.4,232.0,1
28.3,88.4,232.0,1
28.3,88.4,232.0,1
28.3,88.4,232.0,1
28.9,83.7,503.0,0
28.9,84.8,503.0,0
27.6,89.0,214.0,1
27.6,96.0,558.0,0
27.6,87.8,558.0,0
27.6,96.5,214.0,1
27.5,93.0,213.0,1
29.0,86.9,203.0,1
29.0,86.9,213.0,1
29.0,86.7,195.0,1
28.9,86.0,196.0,1
28.9,86.3,196.0,1
28.9,85.8,196.0,1
28.9,86.0,196.0,1
28.9,85.8,196.0,1
28.9,85.8,196.0,1
25.68,89.26,350.63,0
28.01,82.62,593.6,0
26.44,67.22,614.17,0
25.63,65.63,381.92,0
23.93,91.66,337.84,1
27.04,70.05,149.23,1
24.13,66.28,579.4,0
30.48,95.0,510.37,0
31.49,70.82,374.74,1
23.37,64.37,412.72,0
29.08,76.16,639.71,0
25.4,75.2,629.05,0
25.95,92.44,223.87,1
30.96,64.7,612.43,0
18.99,63.19,415.65,0
19.22,63.25,181.55,1
18.28,91.65,300.66,1
29.66,75.73,518.43,0
28.89,65.27,638.19,0
30.18,80.78,182.84,1
31.7,78.82,473.6,0
29.19,66.94,513.31,0
24.46,81.11,280.18,1
28.93,71.91,558.85,0
19.66,68.34,179.93,1
26.96,77.86,259.01,1
20.01,70.21,120.28,1
31.23,67.77,411.59,1
25.31,90.79,272.79,1
23.81,65.45,165.28,1
21.7,69.82,630.91,0
28.84,73.51,235.23,1
24.39,69.58,449.05,0
25.96,67.37,277.45,1
18.26,86.99,466.55,0
26.65,71.52,499.49,0
26.57,63.94,540.84,0
26.64,78.93,291.52,1
31.21,64.39,147.41,1
27.55,72.51,617.22,0
23.03,90.86,682.19,0
24.12,72.92,634.01,0
27.77,82.14,167.91,1
18.84,78.01,575.38,0
27.33,64.82,401.88,0
27.39,82.72,486.63,0
20.95,89.96,474.79,0
19.8,63.26,430.32,0
22.42,86.38,511.55,0
23.09,84.16,477.47,0
25.98,90.33,454.57,0
24.14,63.64,202.84,1
31.84,70.7,621.66,0
19.43,84.3,557.03,0
20.92,60.77,679.33,0
20.26,85.69,579.21,0
27.14,90.03,457.86,0
21.55,75.87,651.96,0
24.53,75.2,499.47,0
21.42,69.75,299.88,1
20.23,60.18,221.79,1
19.55,66.52,470.5,0
27.19,94.3,546.98,0
19.93,90.36,598.01,0
20.75,69.33,285.47,1
23.16,93.73,643.16,0
29.49,72.87,455.22,0
19.36,70.42,539.39,0
29.73,65.35,588.72,0
19.35,91.56,660.14,0
31.67,94.54,288.19,1
24.56,71.46,347.63,1
31.67,84.62,641.98,0
26.47,71.74,604.0,0
28.35,63.67,351.5,0
18.55,73.74,391.06,0
21.96,79.3,535.95,0
19.68,64.31,155.52,1
22.15,88.64,333.04,1
19.66,77.41,239.61,1
22.45,68.2,420.9,0
23.8,80.75,567.82,0
18.9,87.76,195.36,1
27.69,71.47,692.31,0
25.93,84.55,390.92,0
21.72,74.98,568.35,0
25.33,93.74,324.4,1
19.32,86.98,403.12,0
26.06,72.47,679.62,0
31.01,60.62,520.35,0
22.46,83.01,134.88,1
27.34,66.93,254.55,1
19.85,64.27,270.37,1
28.03,92.61,676.17,0
22.05,95.0,566.35,0
20.56,69.45,513.61,0
26.21,70.56,160.4,1
18.28,65.77,586.21,0
29.61,76.02,225.37,1
18.07,90.3,206.29,1
27.49,84.55,623.93,0
21.78,89.62,122.92,1
28.29,68.0,156.7,1
31.47,85.57,653.26,0
21.48,92.15,265.9,1
26.07,69.85,569.12,0
26.29,84.17,501.16,0
26.01,74.02,185.09,1
21.12,70.16,581.06,0
31.34,93.94,240.29,1
24.26,72.2,523.35,0
29.85,63.77,340.89,1
27.79,73.6,435.96,0
22.16,75.67,668.8,0
29.39,86.33,270.32,1
23.55,93.25,294.64,1
30.34,88.6,289.66,1
26.14,92.58,334.61,1
30.34,76.63,454.44,0
27.7,85.18,584.15,0
28.15,70.82,638.01,0
25.02,62.44,155.49,1
31.39,72.79,497.06,0
27.02,84.43,463.59,0
23.93,69.61,468.54,0
26.49,90.15,580.13,0
18.27,87.68,663.96,0
22.22,66.79,553.99,0
27.24,71.58,219.54,1
22.06,88.89,673.7,0
26.65,68.54,621.82,0
24.0,71.61,293.8,1
19.9,72.01,190.91,1
22.18,88.04,587.47,0
25.98,61.3,686.28,0
26.27,62.58,193.94,1
26.04,80.25,497.79,0
27.14,73.9,125.71,1
27.13,82.15,140.59,1
24.04,69.33,575.41,0
30.55,91.84,593.04,0
23.15,86.63,322.62,1
24.1,62.37,379.82,0
30.49,87.44,572.1,0
29.29,93.94,617.47,0
27.85,92.99,280.14,1
19.4,85.74,574.89,0
30.87,64.33,236.51,1
28.0,80.16,379.46,0
31.98,69.95,536.96,0
20.09,93.96,517.76,0
30.15,85.11,411.33,1
20.27,81.38,508.53,0
26.62,84.33,149.31,1
19.73,75.33,287.2,1
29.87,73.05,245.44,1
29.3,92.75,167.44,1
25.97,71.62,240.46,1
23.7,61.45,618.82,0
18.97,74.03,639.84,0
27.76,87.66,429.2,0
24.35,82.7,400.95,0
28.11,93.68,388.64,0
30.13,63.72,676.25,0
31.66,91.9,665.67,0
29.98,72.91,245.56,1
18.16,76.59,175.1,1
23.04,75.0,151.54,1
28.22,64.08,327.44,1
20.4,68.67,362.17,0
25.29,85.98,263.65,1
18.76,60.81,653.73,0
20.8,64.69,605.55,0
18.26,60.88,551.79,0
29.11,90.01,400.66,0
21.13,81.61,634.17,0
22.83,65.95,668.21,0
30.99,86.91,634.85,0
27.86,93.84,271.59,1
18.45,92.71,621.25,0
20.31,92.25,323.21,1
26.7,60.27,191.5,1
26.08,80.62,551.3,0
21.33,68.98,589.15,0
31.08,79.76,692.33,0
26.6,71.13,398.96,0
25.5,65.38,265.59,1
26.26,75.56,157.93,1
28.22,77.33,359.65,0
22.37,94.64,454.91,0
23.58,61.48,407.97,0
20.94,70.54,214.42,1
20.61,89.82,335.5,1
31.22,83.09,652.39,0
28.35,88.93,386.39,0
24.87,83.11,417.09,0
21.18,86.58,393.71,0
21.56,77.25,343.13,1
18.81,67.17,155.16,1
24.08,88.35,252.93,1
22.37,79.87,410.0,0
27.75,64.88,458.97,0
23.29,88.17,397.32,0
20.51,93.55,331.06,1
18.35,72.12,586.03,0
18.94,70.27,522.96,0
27.51,62.86,668.34,0
24.35,83.26,136.09,1
25.51,93.56,551.57,0
30.55,64.76,155.6,1
31.86,76.98,288.77,1
21.04,63.44,651.92,0
27.28,61.19,569.71,0
21.69,83.26,503.97,0
18.29,90.37,351.82,0
28.62,71.81,148.9,1
22.48,90.65,270.95,1
23.37,64.1,398.9,0
26.24,68.33,365.21,0
29.63,91.56,385.72,0
26.81,77.8,137.58,1
30.22,81.29,487.18,0
21.83,61.33,381.56,0
29.17,64.49,129.74,1
20.6,61.95,664.74,0
31.34,91.68,234.67,1
27.62,64.72,218.36,1
21.02,89.74,557.95,0
31.26,72.29,322.22,1
28.23,88.02,474.7,0
21.56,72.78,123.46,1
20.99,69.37,370.23,0
25.25,63.28,134.4,1
18.36,69.82,241.55,1
20.9,76.5,232.94,1
23.95,88.61,683.14,0
23.24,75.84,295.4,1
24.49,94.0,606.77,0
21.89,78.96,364.04,0
26.21,60.87,620.04,0
30.09,74.54,504.42,0
19.65,84.11,124.11,1
25.24,68.2,184.73,1
19.85,84.45,138.18,1
28.04,77.63,172.46,1
23.54,60.9,247.78,1
25.92,87.1,575.64,0
20.57,79.61,545.53,0
20.03,62.89,261.93,1
24.83,76.63,346.45,1
22.98,70.06,618.5,0
31.17,90.79,161.95,1
28.71,69.97,447.59,0
28.48,92.96,186.72,1
30.65,79.11,696.55,0
19.17,71.33,376.15,0
25.73,88.47,650.86,0
26.18,84.41,208.73,1
31.47,74.49,694.38,0
22.09,82.04,154.4,1
21.37,87.25,154.17,1
19.4,89.8,597.48,0
18.23,88.57,570.42,0
31.01,65.81,263.8,1
27.38,88.99,263.17,1
28.99,62.05,394.14,0
21.94,67.01,667.29,0
26.21,81.8,483.01,0
18.9,64.01,602.87,0
24.8,81.12,622.92,0
31.68,70.78,197.98,1
30.27,75.03,455.71,0
22.73,71.03,692.43,0
31.46,62.46,175.47,1
21.24,77.53,377.26,0
31.29,93.73,563.61,0
31.18,81.41,693.95,0
29.19,70.5,189.44,1
26.83,93.47,354.57,0
30.24,73.62,556.72,0
22.1,84.41,464.57,0
29.89,82.19,629.62,0
26.65,93.35,179.25,1
18.19,92.01,434.66,0
22.86,65.18,473.33,0
20.07,63.0,592.27,0
31.75,88.34,610.46,0
24.7,91.67,395.02,0
24.96,77.25,470.51,0
26.95,84.18,124.55,1
23.16,62.44,519.64,0
19.92,67.69,128.96,1
29.51,65.23,495.31,0
20.66,81.04,413.42,0
25.16,66.91,673.35,0
21.14,62.09,214.58,1
19.37,70.58,342.59,1
30.07,83.7,617.23,0
31.62,80.23,418.18,1
31.45,71.58,592.48,0
30.69,89.17,414.31,1
28.84,69.67,515.79,0
22.66,69.12,631.29,0
19.14,79.6,151.79,1
23.7,76.74,630.9,0
21.25,75.61,223.8,1
19.85,65.45,558.07,0
18.75,77.66,448.18,0
28.16,69.07,313.09,1
18.16,73.73,675.94,0
28.79,85.67,608.03,0
20.06,92.79,285.62,1
19.11,87.09,237.56,1
19.25,74.2,328.21,1
27.41,80.76,312.63,1
21.44,86.13,212.66,1
23.89,74.5,663.7,0
25.8,72.61,634.82,0
30.05,64.73,627.41,0
28.18,85.77,384.31,0
21.78,89.35,577.97,0
19.84,71.08,329.01,1
18.78,87.42,619.15,0
22.22,81.36,645.74,0
21.67,87.44,432.21,0
24.39,74.4,396.19,0
27.57,86.17,428.97,0
27.74,74.3,258.11,1
21.97,63.11,173.28,1
23.32,79.27,344.41,1
20.54,75.9,574.76,0
29.04,68.85,515.42,0
18.8,91.22,607.71,0
27.76,73.4,381.85,0
28.9,61.37,192.08,1
28.88,73.37,423.12,0
21.63,74.86,142.9,1
23.23,90.16,369.9,0
26.23,87.97,236.82,1
21.82,67.0,609.66,0
23.19,89.37,194.78,1
20.76,68.68,395.29,0
24.44,71.97,343.38,1
18.62,62.69,610.32,0
29.2,61.94,445.74,0
19.08,83.83,395.47,0
25.26,92.32,465.79,0
22.3,77.26,254.64,1
26.09,89.54,422.4,0
31.43,87.78,323.02,1
27.04,83.26,183.17,1
18.5,94.24,579.07,0
24.03,88.08,329.26,1
25.14,69.62,281.77,1
25.51,87.62,120.33,1
27.54,84.24,142.04,1
21.89,73.98,266.07,1
19.8,62.69,311.13,1
23.5,67.5,525.49,0
31.39,87.9,333.7,1
20.62,68.7,581.98,0
30.66,94.93,460.56,0
25.61,84.29,323.33,1
24.4,76.7,211.29,1
30.35,79.97,120.79,1
24.42,81.38,342.21,1
28.14,93.91,355.9,0
23.59,65.66,331.06,1
30.66,69.53,585.39,0
27.66,84.84,175.42,1
27.79,68.4,186.64,1
22.59,90.5,255.41,1
28.59,72.13,417.96,0
26.9,66.33,541.02,0
21.36,61.67,644.12,0
20.25,80.85,274.92,1
29.15,88.88,194.12,1
31.43,69.58,415.34,1
24.41,92.11,293.76,1
26.27,86.52,691.01,0
30.01,62.15,143.11,1
24.4,80.04,230.72,1
31.33,79.86,557.06,0
26.06,67.08,344.1,1
29.49,71.71,446.1,0
30.72,76.04,592.96,0
29.42,61.68,506.78,0
20.23,65.24,470.06,0
26.8,65.74,515.46,0
23.58,73.27,157.26,1
18.88,86.16,176.72,1
23.94,89.1,472.38,0
21.62,65.7,333.35,1
29.89,86.32,697.51,0
18.47,83.47,595.98,0
31.43,91.17,657.36,0
22.98,93.91,224.67,1
22.99,64.36,482.34,0
18.23,62.82,136.17,1
20.59,87.99,546.38,0
23.62,65.68,144.49,1
31.01,66.81,510.97,0
19.39,90.87,243.17,1
31.23,92.86,462.89,0
30.17,71.15,280.07,1
24.36,89.48,132.99,1
22.57,90.06,517.61,0
21.26,81.19,380.22,0
26.6,79.81,540.05,0
18.46,80.15,152.65,1
18.22,70.55,427.52,0
24.0,81.66,151.47,1
18.95,68.53,203.43,1
21.53,66.22,574.96,0
21.1,74.45,252.63,1
21.54,84.7,174.13,1
19.83,81.75,202.25,1
18.17,93.77,202.03,1
19.62,82.63,609.42,0
26.66,64.95,462.17,0
31.64,65.64,579.56,0
31.86,63.26,269.19,1
23.73,66.69,483.28,0
20.28,80.93,641.37,0
26.94,89.34,429.69,0
24.86,91.29,625.03,0
31.85,74.0,246.47,1
18.91,79.55,680.82,0
28.97,88.32,166.22,1
22.04,70.92,561.44,0
21.38,80.85,237.0,1
27.28,66.09,187.79,1
21.44,76.68,444.24,0
27.32,66.06,303.87,1
25.24,76.18,249.06,1
23.94,73.89,374.69,0
25.77,75.16,693.28,0
22.02,68.53,486.95,0
27.89,64.76,281.59,1
23.81,69.65,691.82,0
23.05,68.39,281.92,1
29.6,85.7,537.4,0
30.95,85.09,272.73,1
18.64,80.46,569.1,0
21.26,63.2,493.51,0
22.88,79.82,452.17,0
29.41,62.77,386.16,0
31.8,60.64,260.85,1
31.57,72.34,473.47,0
30.67,68.42,627.12,0
22.15,80.81,138.16,1
31.89,92.5,544.95,0
21.49,85.19,630.36,0
19.48,86.86,477.79,0
31.31,93.28,269.89,1
21.27,82.19,323.86,1
27.66,80.22,554.31,0
18.82,81.07,332.76,1
28.23,90.3,124.68,1
30.34,73.58,181.2,1
21.81,87.84,285.5,1
23.31,82.83,348.04,1
23.24,70.66,331.31,1
28.48,60.48,587.73,0
21.33,67.35,248.52,1
20.41,84.5,357.98,0
24.29,80.29,592.25,0
22.26,69.61,580.19,0
29.75,75.2,239.03,1
21.33,83.14,331.16,1
25.03,64.45,210.66,1
31.2,75.13,172.26,1
26.88,74.58,441.43,0
30.14,78.99,305.31,1
31.16,78.27,417.94,1
28.51,72.87,460.99,0
27.79,86.7,471.59,0
31.55,62.35,665.64,0
31.92,61.24,256.1,1
24.33,74.71,640.89,0
18.99,91.38,149.76,1
22.1,69.71,137.62,1
20.13,66.03,183.09,1
23.84,92.49,493.34,0
19.84,65.89,427.57,0
26.46,73.12,214.03,1
23.36,85.52,205.78,1
30.54,69.13,427.07,1
31.55,68.04,676.22,0
25.66,73.92,225.98,1
21.85,87.56,270.3,1
26.29,91.88,189.94,1
30.55,61.1,464.87,0
23.69,65.78,657.53,0
25.73,93.55,258.05,1
21.8,80.75,394.0,0
24.38,79.3,646.42,0
23.62,88.47,530.8,0
21.48,61.39,426.41,0
25.08,60.48,490.8,0
22.35,93.86,543.89,0
23.22,89.0,542.52,0
25.35,86.16,401.29,0
28.51,65.45,283.26,1
22.67,76.68,239.58,1
30.94,92.81,652.8,0
30.07,92.68,153.78,1
18.68,60.32,315.5,1
21.55,86.34,520.23,0
24.25,60.22,468.04,0
19.46,94.45,371.27,0
22.88,74.59,180.46,1
28.36,94.07,200.93,1
27.53,72.87,523.98,0
26.71,70.26,400.54,0
27.95,71.07,316.94,1
20.87,85.57,337.38,1
22.78,66.99,368.64,0
27.47,90.24,516.17,0
30.31,80.67,468.55,0
25.61,93.95,160.88,1
21.96,94.55,211.34,1
18.42,66.48,160.92,1
27.94,93.45,140.06,1
18.11,61.63,570.08,0
23.22,60.98,613.56,0
25.43,93.04,361.38,0
30.91,93.68,681.93,0
19.25,65.15,620.89,0
23.68,75.48,619.02,0
18.34,77.29,332.97,1
22.8,90.11,673.52,0
26.71,81.98,554.38,0
21.91,87.11,325.14,1
20.94,76.98,635.52,0
19.62,82.69,122.39,1
26.08,85.74,451.52,0
27.73,85.83,421.7,0
27.41,60.06,167.44,1
31.28,63.5,620.17,0
18.04,72.73,283.39,1
27.06,62.14,338.28,1
26.41,73.4,395.59,0
26.24,73.63,593.82,0
31.48,92.21,465.06,0
18.24,79.85,447.1,0
27.75,84.72,330.18,1
29.39,91.05,282.22,1
25.14,75.47,397.31,0
22.68,60.07,268.33,1
29.07,69.99,316.92,1
19.36,88.5,375.42,0
24.19,91.56,609.23,0
25.28,72.3,659.7,0
27.72,70.29,601.25,0
19.27,92.36,424.91,0
21.19,72.29,532.7,0
23.74,82.83,314.42,1
26.73,69.81,386.33,0
30.42,63.43,665.48,0
26.66,77.54,325.87,1
19.87,92.31,220.33,1
31.73,81.65,393.81,1
30.21,67.31,498.5,0
25.04,83.89,193.38,1
30.91,86.89,190.82,1
25.58,71.23,296.14,1
30.93,79.57,646.44,0
29.62,83.87,511.27,0
31.56,65.61,248.72,1
30.88,93.74,470.02,0
18.5,75.79,502.94,0
20.45,94.29,423.37,0
23.45,66.64,560.44,0
31.33,76.93,134.35,1
22.2,65.8,230.85,1
20.25,60.36,680.5,0
30.41,68.33,408.69,1
24.25,74.11,164.38,1
30.71,75.09,298.74,1
20.24,91.03,121.03,1
27.26,82.25,456.06,0
24.16,75.21,699.7,0
19.07,94.58,462.26,0
27.75,81.5,473.84,0
21.46,71.29,310.08,1
18.55,84.2,257.48,1
18.84,77.35,414.73,0
18.86,90.84,641.88,0
30.71,91.38,125.66,1
28.36,72.86,450.4,0
30.57,79.68,368.54,1
27.42,69.3,480.28,0
25.41,81.93,607.18,0
22.26,94.73,380.45,0
31.97,89.14,246.26,1
23.07,72.82,338.43,1
24.59,63.34,207.32,1
23.3,93.83,169.24,1
31.71,73.64,338.01,1
20.45,70.27,482.91,0
22.59,71.07,272.44,1
27.52,77.15,651.1,0
18.88,93.49,519.59,0
26.5,94.53,518.06,0
24.69,70.36,521.19,0
21.98,72.3,120.98,1
21.34,77.91,591.54,0
25.2,60.29,652.21,0
23.15,66.12,131.25,1
24.39,92.76,467.01,0
22.72,61.03,512.41,0
31.59,63.53,233.82,1
19.87,74.72,606.16,0
19.36,85.6,482.98,0
22.81,69.41,250.53,1
26.27,70.71,680.97,0
27.23,70.69,245.2,1
23.56,90.54,513.58,0
31.99,67.91,394.86,1
22.93,79.68,539.51,0
28.1,95.0,176.7,1
26.93,85.5,672.48,0
29.38,71.77,238.6,1
31.67,86.79,247.82,1
30.46,93.39,441.34,1
28.7,73.07,322.85,1
27.78,84.78,376.44,0
22.7,62.65,141.52,1
20.07,91.34,256.23,1
18.88,63.37,568.65,0
21.39,73.05,643.28,0
24.05,78.99,255.42,1
25.31,69.23,568.54,0
28.82,82.72,136.79,1
31.42,79.41,145.94,1
19.64,85.1,347.95,1
19.5,72.39,205.79,1
26.26,79.11,216.36,1
28.44,88.43,483.89,0
29.87,88.37,617.74,0
31.1,85.0,571.8,0
31.77,78.97,315.17,1
23.6,83.56,627.63,0
23.32,63.04,607.98,0
20.07,76.5,424.04,0
27.59,90.11,396.01,0
27.19,81.26,153.91,1
30.07,92.96,207.3,1
19.36,69.18,169.54,1
24.97,63.37,425.53,0
26.14,81.93,512.45,0
21.38,63.18,478.89,0
20.37,87.37,626.27,0
30.03,68.99,502.05,0
18.82,78.86,601.23,0
24.59,88.4,201.45,1
19.62,87.58,219.56,1
24.4,77.36,652.68,0
31.72,94.15,325.73,1
23.93,77.42,245.86,1
30.0,69.76,649.0,0
19.64,70.59,682.66,0
21.8,86.03,489.91,0
23.65,75.3,345.24,1
23.6,74.66,519.26,0
27.4,60.72,129.02,1
22.83,70.68,203.93,1
27.99,90.11,333.85,1
26.95,88.12,602.69,0
23.59,86.13,296.5,1
24.04,60.81,153.57,1
26.6,60.94,339.67,1
18.98,70.9,259.93,1
29.51,76.61,152.51,1
27.15,91.84,351.38,0
28.17,73.46,323.82,1
25.52,70.1,545.63,0
19.55,79.99,156.66,1
23.67,92.01,339.85,1
23.68,85.85,318.61,1
22.49,89.98,495.16,0
18.42,66.38,634.99,0
28.32,64.4,202.93,1
19.54,79.04,593.43,0
26.49,84.41,473.64,0
27.85,93.42,136.96,1
26.89,73.0,564.8,0
31.43,72.13,431.86,1
19.45,78.05,583.96,0
30.14,83.97,357.14,1
18.41,79.81,505.99,0
25.49,85.31,235.31,1
23.66,73.31,231.27,1
25.34,90.18,317.35,1
23.11,66.4,421.28,0
20.67,71.06,535.59,0
18.27,87.08,506.75,0
25.25,71.75,596.38,0
29.8,83.39,367.31,0
23.23,70.07,649.27,0
21.12,66.55,183.32,1
19.13,70.53,228.58,1
19.19,91.04,516.56,0
21.1,76.13,267.19,1
19.4,67.89,215.46,1
21.71,71.25,634.17,0
18.93,60.1,159.67,1
18.92,86.45,695.05,0
29.99,67.9,620.3,0
20.27,80.93,623.59,0
25.84,60.88,484.65,0
28.83,89.21,250.42,1
24.39,66.56,582.89,0
20.15,60.17,151.2,1
20.79,70.54,457.63,0
24.06,92.22,374.71,0
25.4,69.19,555.24,0
22.89,77.62,133.79,1
28.94,74.25,344.34,1
28.51,70.3,396.71,0
30.98,92.46,208.37,1
18.41,87.61,360.54,0
30.54,86.67,648.08,0
23.5,78.41,391.81,0
30.3,88.87,266.03,1
27.67,76.05,428.75,0
31.82,76.28,155.29,1
28.63,77.28,290.68,1
23.1,68.29,574.51,0
25.01,92.33,492.31,0
23.27,69.06,133.91,1
23.11,66.94,450.53,0
21.65,68.53,246.06,1
24.94,88.61,685.93,0
27.54,86.9,574.54,0
21.88,74.95,194.19,1
25.34,60.48,343.62,1
19.64,94.15,404.18,0
20.24,64.64,225.78,1
18.66,89.8,528.48,0
31.59,87.36,608.0,0
18.05,92.83,122.59,1
20.5,87.07,197.27,1
26.58,71.6,284.41,1
19.14,68.12,690.78,0
30.35,73.22,354.63,1
28.07,67.11,218.75,1
31.53,85.19,190.14,1
25.11,88.93,642.79,0
22.21,82.63,589.94,0
25.69,66.51,479.19,0
31.03,61.31,433.02,1
25.29,80.31,570.75,0
21.74,76.19,304.53,1
30.28,66.99,491.12,0
23.21,72.88,547.37,0
18.02,78.95,453.88,0
21.47,82.15,217.86,1
22.46,76.68,691.82,0
30.02,94.0,590.49,0
24.42,61.62,404.56,0
24.22,83.04,479.58,0
22.71,91.83,560.84,0
30.33,68.28,385.98,1
31.23,67.48,548.69,0
31.89,86.68,568.3,0
23.27,77.02,386.22,0
31.53,94.73,228.91,1
29.09,80.62,466.7,0
27.46,92.32,441.49,0
21.43,60.43,410.29,0
21.03,65.41,153.98,1
20.32,83.95,570.99,0
30.92,74.58,432.45,1
22.12,89.26,369.78,0
24.34,75.01,592.64,0
24.92,84.95,234.19,1
28.89,79.82,277.58,1
29.82,64.2,491.04,0
19.95,85.13,346.23,1
23.98,84.72,295.78,1
29.8,64.05,267.68,1
29.45,79.67,401.72,0
19.43,71.75,569.81,0
20.19,76.06,587.09,0
22.26,74.8,578.53,0
19.06,63.67,633.67,0
23.95,65.53,149.43,1
19.51,63.04,689.69,0
25.96,66.74,367.35,0
21.45,89.84,231.93,1
26.35,60.86,682.61,0
19.65,75.11,598.61,0
31.66,88.03,659.24,0
31.06,63.51,423.43,1
23.49,67.97,553.69,0
21.39,85.46,421.29,0
21.51,82.66,432.88,0
24.77,79.71,671.87,0
18.56,66.01,548.25,0
26.96,87.81,448.73,0
23.72,64.95,347.79,1
23.28,64.72,215.31,1
29.33,87.83,187.12,1
27.93,72.92,293.81,1
31.36,70.94,521.83,0
22.93,69.75,231.1,1
30.57,71.37,196.25,1
28.78,71.92,165.1,1
23.0,84.37,610.82,0
26.7,68.41,259.89,1
22.04,71.39,236.49,1
30.24,87.17,346.7,1
19.57,91.96,485.1,0
20.97,81.45,460.03,0
20.56,63.68,655.72,0
23.64,78.96,515.54,0
28.43,81.97,445.94,0
25.38,70.99,532.73,0
24.83,88.98,504.96,0
18.01,87.37,565.14,0
23.96,80.14,452.01,0
18.89,65.08,588.23,0
20.92,84.41,642.03,0
31.05,91.34,523.96,0
21.02,68.75,327.42,1
30.02,93.55,282.39,1
29.24,87.0,489.57,0
20.23,70.51,486.23,0
26.48,81.59,133.87,1
19.62,70.77,553.32,0
28.19,63.48,248.69,1
26.92,88.85,151.6,1
29.37,83.3,208.86,1
24.71,81.49,500.93,0
30.81,64.98,423.37,1
18.69,73.21,611.22,0
22.1,90.68,181.63,1
28.01,65.72,601.12,0
23.85,61.68,497.53,0
20.42,66.69,244.66,1
19.5,68.76,547.41,0
29.44,87.43,549.97,0
24.62,82.68,182.64,1
30.35,60.61,274.54,1
28.27,60.61,490.54,0
23.74,79.84,340.73,1
23.23,82.17,563.84,0
25.22,64.39,430.9,0
30.45,81.37,617.06,0
28.32,68.41,184.4,1
18.07,71.79,545.57,0
27.72,74.31,389.49,0
30.87,64.07,421.25,1
27.95,93.71,284.75,1
20.48,94.08,276.06,1
24.77,75.58,230.09,1
19.96,69.01,336.54,1
23.03,93.55,258.61,1
31.12,88.63,230.04,1
30.93,85.35,677.84,0
21.96,76.16,379.5,0
22.75,74.37,513.31,0
26.4,87.28,337.01,1
31.48,78.19,450.48,0
20.07,83.12,409.54,0
21.6,79.82,475.36,0
30.23,84.93,539.18,0
24.89,63.29,505.07,0
30.59,73.22,562.02,0
20.6,65.85,204.86,1
25.46,68.47,174.54,1
22.57,67.03,316.56,1
22.43,77.62,399.46,0
24.26,60.66,250.15,1
24.06,93.74,568.47,0
23.0,78.16,537.34,0
30.81,61.84,649.88,0
28.24,83.87,542.8,0
28.19,69.41,182.14,1
22.06,63.74,505.7,0
26.09,89.06,358.99,0
28.91,66.93,270.58,1
29.14,63.67,469.13,0
22.82,61.99,295.27,1
28.79,85.5,427.9,0
28.3,82.93,454.07,0
19.98,60.29,426.86,0
30.12,67.75,126.2,1
24.18,84.66,322.27,1
24.81,65.32,578.47,0
24.28,80.19,321.2,1
25.95,67.46,415.44,0
26.7,75.72,321.05,1
24.97,90.36,235.56,1
30.14,70.59,235.86,1
26.79,84.01,554.34,0
23.62,75.34,484.21,0
23.83,63.37,660.59,0
29.35,72.62,364.18,0
22.87,89.44,489.21,0
20.96,94.06,391.75,0
18.83,89.58,394.88,0
30.26,65.68,615.37,0
30.86,72.09,383.5,1
19.68,89.09,658.34,0
22.68,79.39,479.89,0
20.46,87.17,169.55,1
19.62,87.22,159.43,1
30.6,62.49,689.74,0
18.8,71.98,351.63,0
31.73,76.77,460.73,0
19.35,93.08,370.32,0
30.09,91.44,212.16,1
25.93,74.81,192.82,1
23.15,63.35,243.36,1
22.79,74.16,471.1,0
28.6,78.76,436.99,0
22.4,91.65,310.58,1
27.2,70.32,145.62,1
25.24,70.81,307.94,1
24.79,81.95,351.02,0
30.62,77.68,558.73,0
25.77,66.86,547.74,0
29.58,65.07,248.42,1
28.16,77.13,252.05,1
18.54,87.28,484.17,0
28.82,87.26,498.03,0
21.04,94.15,445.44,0
30.64,73.4,184.94,1
18.6,73.72,285.72,1
22.66,60.06,138.39,1
19.4,89.05,561.72,0
24.66,82.63,587.77,0
29.48,86.95,653.88,0
22.17,76.47,170.99,1
20.11,92.21,645.6,0
22.62,61.02,652.69,0
29.39,64.03,698.67,0
19.97,73.16,571.18,0
21.18,62.98,272.33,1
18.96,63.08,273.44,1
27.88,79.84,519.17,0
23.53,67.56,514.24,0
22.35,81.93,502.99,0
28.06,92.53,324.81,1
22.7,88.84,421.48,0
28.19,68.7,294.87,1
29.41,63.14,466.14,0
21.05,93.26,567.99,0
31.63,94.81,525.24,0
20.27,73.11,370.85,0
22.07,76.12,424.34,0
20.52,65.09,568.0,0
22.84,84.86,255.05,1
24.72,74.76,248.35,1
25.31,88.11,401.29,0
29.95,80.21,406.6,0
30.45,61.5,133.61,1
21.08,71.72,457.53,0
26.72,88.3,362.29,0
19.56,84.08,454.3,0
24.43,82.14,650.6,0
22.51,83.54,313.21,1
22.43,81.18,182.54,1
24.76,82.44,239.78,1
28.22,81.71,297.79,1
18.97,78.67,620.81,0
30.31,86.52,438.46,1
28.29,72.93,697.15,0
20.47,76.63,285.32,1
31.15,74.05,159.86,1
25.09,67.32,294.69,1
32.0,71.27,695.71,0
20.76,61.93,551.0,0
25.49,71.39,650.74,0
22.06,73.67,465.01,0
22.26,63.27,279.71,1
26.27,67.72,673.57,0
30.9,68.73,252.91,1
29.27,67.96,350.33,0
28.14,72.26,290.16,1
25.83,65.07,493.21,0
30.91,85.6,362.45,1
24.89,71.99,675.12,0
30.23,64.28,681.1,0
29.68,80.78,176.21,1
20.99,66.29,658.43,0
28.8,62.03,582.84,0
18.17,65.72,533.16,0
22.52,74.7,330.42,1
21.21,84.27,514.14,0
25.1,82.45,590.19,0
28.32,60.18,601.65,0
19.37,87.77,587.35,0
25.21,71.75,305.61,1
31.14,83.79,227.31,1
21.2,61.14,435.39,0
27.48,73.78,267.45,1
26.3,60.69,575.29,0
18.14,88.57,145.91,1
24.66,66.54,366.74,0
27.92,83.61,571.58,0
18.62,69.7,166.72,1
30.31,64.74,518.45,0
25.28,92.56,254.02,1
18.43,80.83,193.89,1
21.14,91.17,298.57,1
31.35,70.73,131.22,1
26.15,89.04,485.41,0
19.5,92.96,313.09,1
22.03,73.83,696.35,0
24.39,91.64,176.75,1
18.29,71.73,639.03,0
23.76,71.36,408.82,0
24.85,94.85,188.27,1
21.41,93.33,616.55,0
26.24,68.0,184.41,1
28.55,89.3,494.6,0
21.3,71.99,262.23,1
26.69,94.27,380.49,0
26.95,89.74,452.35,0
31.28,91.67,653.41,0
28.9,80.08,285.02,1
29.88,70.3,344.86,1
24.87,66.91,235.77,1
20.59,78.48,319.3,1
31.94,83.5,192.97,1
19.81,85.96,437.89,0
24.6,65.96,444.35,0
18.95,78.76,481.56,0
31.21,75.26,253.6,1
31.51,67.29,370.77,1
28.07,79.35,144.03,1
22.9,69.66,143.35,1
21.56,78.73,299.49,1
21.71,67.0,403.7,0
19.78,91.5,521.92,0
25.36,71.83,560.03,0
19.99,81.36,353.03,0
22.43,64.27,558.25,0
26.77,82.05,542.01,0
28.19,69.52,486.84,0
18.34,93.48,202.15,1
24.02,73.8,286.6,1
27.13,81.26,429.65,0
29.95,67.55,592.08,0
24.65,90.15,353.92,0
31.57,88.15,680.9,0
21.72,68.6,505.93,0
18.19,91.89,301.57,1
24.77,61.41,445.63,0
21.59,86.34,337.54,1
29.53,76.03,648.95,0
21.26,89.24,148.04,1
22.35,76.29,252.77,1
29.08,62.3,176.01,1
28.01,67.93,587.26,0
25.81,94.8,230.83,1
27.87,71.7,550.85,0
23.86,65.61,445.73,0
18.07,88.2,601.53,0
18.16,61.58,697.07,0
25.16,62.32,209.46,1
19.17,70.41,207.24,1
18.72,61.66,489.01,0
31.52,94.85,141.06,1
30.03,84.19,594.1,0
20.13,78.19,338.45,1
18.01,88.18,351.38,0
31.18,83.19,451.79,0
21.9,66.06,318.42,1
20.6,67.69,294.14,1
27.68,90.37,238.88,1
19.52,71.79,536.92,0
21.71,75.67,565.8,0
31.65,73.69,472.7,0
26.95,61.82,256.9,1
25.29,84.66,522.96,0
23.57,78.9,211.56,1
28.84,83.66,629.4,0
19.97,69.74,378.87,0
31.54,74.24,396.0,1
30.06,66.74,238.41,1
26.65,74.69,477.0,0
18.6,82.87,691.33,0
27.81,93.06,461.68,0
30.79,83.22,498.36,0
25.34,78.38,287.32,1
22.96,74.57,308.99,1
19.68,63.69,233.89,1
28.57,76.7,418.47,0
30.39,65.43,205.83,1
19.4,80.38,478.72,0
28.63,85.56,389.88,0
18.24,93.13,482.1,0
31.54,70.39,161.02,1
26.61,73.89,632.75,0
25.73,66.4,339.58,1
22.14,90.73,240.02,1
31.01,88.84,410.45,1
21.72,87.12,659.3,0
29.59,62.01,522.69,0
31.79,79.49,317.25,1
28.97,68.23,296.23,1
25.27,64.19,503.55,0
18.93,87.36,171.51,1
24.61,67.41,331.94,1
24.14,77.53,397.63,0
20.84,78.41,561.1,0
23.93,67.46,308.8,1
23.01,77.23,579.45,0
20.29,61.85,573.96,0
24.18,60.0,131.29,1
21.68,90.81,230.44,1
25.31,74.55,498.97,0
18.49,91.76,407.7,0
30.69,77.37,136.03,1
29.43,75.09,328.6,1
25.74,70.36,482.95,0
29.93,62.86,695.18,0
31.47,70.84,239.99,1
19.55,81.3,208.58,1
26.83,86.7,331.33,1
31.97,78.93,439.53,1
31.83,86.54,505.41,0
26.45,65.52,329.27,1
19.79,80.41,252.5,1
26.16,90.89,123.03,1
18.03,67.63,226.4,1
20.78,67.97,178.04,1
31.39,86.2,260.42,1
22.63,88.42,307.09,1
26.94,68.68,165.67,1
21.93,71.6,355.39,0
31.27,82.11,217.22,1
28.2,73.95,457.19,0
22.62,81.84,339.17,1
29.08,77.38,491.0,0
19.51,87.08,570.17,0
23.49,89.61,169.13,1
21.1,90.23,341.84,1
27.57,81.4,687.11,0
19.43,81.44,121.34,1
23.56,75.74,386.17,0
21.87,60.97,391.97,0
25.09,70.47,597.76,0
22.9,62.23,288.33,1
27.89,75.32,570.1,0
18.34,89.73,121.28,1
26.88,80.89,404.64,0
21.23,83.64,305.21,1
21.76,66.58,588.73,0
29.2,69.17,353.71,0
31.38,65.71,160.53,1
22.43,89.49,530.86,0
29.58,69.81,127.67,1
19.46,79.68,313.96,1
26.88,64.94,409.03,0
28.51,64.34,550.21,0
20.18,72.17,301.58,1
23.96,71.56,180.38,1
30.5,71.51,598.65,0
19.45,81.03,125.7,1
18.25,71.06,626.42,0
26.27,86.91,181.77,1
24.1,63.17,192.91,1
29.18,71.37,216.41,1
30.93,83.42,206.04,1
22.19,81.1,580.97,0
23.44,64.18,590.37,0
24.81,75.38,218.29,1
26.23,70.82,185.26,1
31.77,82.12,452.04,0
27.76,64.55,525.83,0
23.45,83.47,444.24,0
21.69,76.23,136.06,1
31.22,69.62,564.33,0
19.9,86.16,534.23,0
28.08,66.58,536.01,0
30.96,65.33,240.18,1
27.31,60.54,160.76,1
23.92,90.15,698.42,0
20.79,77.23,397.12,0
23.14,78.09,541.22,0
27.9,64.02,175.92,1
27.09,63.77,412.86,0
30.99,71.68,412.38,1
30.14,78.07,191.26,1
29.43,84.53,323.93,1
30.76,77.47,637.05,0
21.87,89.1,520.32,0
23.17,73.21,544.37,0
23.32,60.98,629.41,0
25.85,74.92,299.97,1
27.36,62.98,578.17,0
22.01,71.27,175.99,1
18.27,94.48,454.98,0
23.59,90.01,429.81,0
22.32,68.28,370.09,0
31.19,73.16,241.32,1
30.44,75.09,367.97,1
30.04,86.74,609.68,0
27.14,61.17,543.81,0
22.82,61.35,375.55,0
25.68,64.1,681.2,0
29.41,81.99,575.47,0
19.38,74.51,145.67,1
29.22,89.71,555.43,0
18.58,69.94,536.75,0
29.43,77.12,148.55,1
29.31,84.74,657.4,0
18.71,79.08,390.88,0
26.78,71.09,258.69,1
25.03,65.34,379.97,0
20.38,78.92,603.59,0
20.08,64.98,265.29,1
28.83,92.88,650.17,0
25.95,78.9,157.55,1
31.76,66.12,171.83,1
31.75,85.22,467.61,0
31.9,63.62,415.68,1
19.66,87.01,509.47,0
31.14,76.01,145.2,1
21.42,64.64,270.94,1
24.41,61.3,527.82,0
28.6,94.77,319.75,1
20.85,69.6,296.7,1
25.93,93.33,595.47,0
20.6,77.56,581.72,0
19.47,77.61,552.09,0
19.63,63.19,484.02,0
23.01,93.27,673.55,0
18.07,85.65,132.21,1
23.95,78.16,208.53,1
27.3,64.21,386.74,0
23.62,66.15,282.8,1
19.2,75.13,290.15,1
18.88,72.68,688.57,0
21.89,79.53,145.65,1
20.37,62.67,135.02,1
31.51,61.41,662.38,0
20.12,77.89,212.85,1
29.28,61.0,144.93,1
26.21,62.08,385.96,0
25.97,73.17,631.5,0
25.17,62.16,297.52,1
31.6,73.49,660.71,0
23.09,68.46,621.86,0
29.03,66.57,282.64,1
25.77,74.16,372.55,0
23.54,64.2,655.77,0
31.38,72.24,191.51,1
26.38,75.22,155.9,1
19.66,89.05,229.46,1
23.85,92.65,250.86,1
28.94,70.79,224.05,1
27.71,70.24,138.39,1
30.83,79.83,536.24,0
21.63,64.81,213.93,1
28.61,72.24,384.13,0
24.44,61.86,189.83,1
26.03,73.27,332.0,1
31.37,64.0,350.53,1
31.71,79.66,649.53,0
30.06,82.46,529.08,0
23.03,94.55,645.56,0
30.43,66.83,403.68,1
26.94,67.25,218.22,1
24.02,93.16,357.59,0
18.5,90.26,464.33,0
28.78,81.56,433.92,0
25.03,89.45,639.86,0
29.01,67.34,463.58,0
28.47,90.59,268.85,1
29.11,90.36,672.5,0
22.21,68.68,220.88,1
29.21,77.79,396.33,0
25.68,92.54,634.84,0
24.63,83.77,531.75,0
27.45,83.12,430.52,0
18.3,79.59,518.94,0
19.43,69.41,373.92,0
22.09,94.24,350.15,0
31.76,75.66,484.15,0
19.96,70.9,547.46,0
22.63,85.5,663.73,0
18.71,81.27,605.2,0
22.64,71.98,677.2,0
22.48,70.63,187.21,1
31.26,67.51,693.89,0
29.83,62.75,236.18,1
23.36,81.9,166.92,1
18.35,77.7,500.95,0
29.63,68.22,510.62,0
27.25,61.93,684.82,0
20.13,60.66,567.19,0
31.94,85.85,347.74,1
19.4,66.59,468.06,0
30.14,69.33,473.48,0
22.12,60.49,563.94,0
24.09,65.27,457.04,0
29.14,90.61,344.14,1
27.49,68.47,515.25,0
31.13,93.39,259.26,1
26.7,65.75,322.74,1
19.37,68.86,161.55,1
30.38,90.37,593.41,0
28.77,74.93,161.18,1
27.97,69.37,293.3,1
18.75,84.25,656.87,0
23.55,61.79,444.46,0
20.34,91.17,246.37,1
29.51,89.45,695.87,0
27.81,63.0,630.82,0
30.36,87.95,159.54,1
31.53,93.64,253.57,1
28.85,77.22,492.51,0
31.92,79.89,235.31,1
26.61,83.79,431.56,0
18.52,69.34,216.2,1
18.2,82.74,510.17,0
22.79,76.62,428.12,0
29.53,74.19,682.27,0
30.13,91.6,197.61,1
31.45,87.93,427.82,1
18.91,92.71,300.8,1
18.62,89.28,475.36,0
30.79,61.46,237.89,1
22.27,81.23,656.73,0
25.81,84.42,373.99,0
31.75,83.27,370.43,1
23.61,69.52,576.07,0
27.32,74.9,646.36,0
23.61,61.37,406.5,0
28.75,63.29,567.35,0
25.39,79.62,203.49,1
21.33,80.38,266.4,1
21.8,67.04,521.93,0
21.61,75.69,657.51,0
25.45,76.52,187.98,1
27.84,60.4,197.94,1
31.29,64.99,685.63,0
27.72,81.85,172.92,1
28.94,94.75,144.88,1
20.36,82.76,428.42,0
23.24,64.21,250.16,1
23.79,88.75,292.62,1
27.61,75.1,478.38,0
22.14,62.93,323.72,1
22.25,80.99,697.48,0
22.98,67.98,252.37,1
29.34,74.59,621.86,0
26.09,71.14,627.63,0
19.05,82.5,373.8,0
19.1,75.09,698.46,0
23.2,63.64,284.02,1
28.73,67.55,172.82,1
27.64,77.52,448.97,0
27.91,87.62,124.33,1
28.74,60.34,395.01,0
22.02,81.43,605.35,0
25.68,64.06,363.43,0
25.61,81.14,238.32,1
28.35,89.29,268.28,1
31.4,68.0,650.01,0
21.89,77.34,504.08,0
29.11,87.09,213.56,1
27.24,66.15,388.65,0
26.12,65.34,476.46,0
28.85,91.68,412.98,0
31.22,84.31,575.35,0
18.51,85.78,123.65,1
20.06,89.54,283.02,1
28.59,78.88,453.26,0
19.17,77.09,432.56,0
25.23,79.47,180.37,1
21.08,85.1,221.63,1
21.84,73.68,556.72,0
27.83,63.33,430.18,0
18.42,64.75,491.18,0
30.23,94.09,593.72,0
24.22,61.81,458.62,0
25.03,84.91,302.09,1
25.56,93.03,423.49,0
27.04,64.52,195.63,1
22.83,85.28,277.8,1
19.42,70.59,499.98,0
22.46,68.29,143.84,1
20.35,89.84,120.49,1
25.79,91.83,634.5,0
22.45,72.15,679.31,0
31.41,82.14,645.26,0
31.52,66.16,244.97,1
26.68,87.64,557.7,0
26.64,90.84,384.75,0
31.8,71.15,161.15,1
30.42,82.85,581.09,0
28.71,90.67,588.74,0
22.39,60.54,538.75,0
23.12,89.95,698.0,0
20.82,80.02,695.43,0
24.82,74.49,224.06,1
31.87,78.29,581.34,0
30.77,88.84,502.7,0
19.66,85.27,541.35,0
18.35,77.54,694.72,0
30.58,77.07,605.24,0
25.52,91.47,347.08,1
20.8,68.13,663.73,0
27.43,63.35,627.6,0
27.02,83.75,529.62,0
19.71,84.58,663.44,0
21.63,79.89,388.11,0
18.84,69.19,533.69,0
20.94,70.36,122.37,1
19.85,81.6,449.78,0
20.71,69.55,539.74,0
27.6,77.49,342.15,1
18.69,71.62,623.39,0
19.43,77.87,401.34,0
19.88,68.03,283.88,1
22.43,66.93,438.68,0
22.18,85.69,645.2,0
21.57,73.5,515.82,0
28.51,68.14,671.05,0
31.97,90.04,379.62,1
25.48,74.06,501.92,0
31.22,64.06,484.47,0
23.55,84.78,258.69,1
19.49,69.8,551.85,0
23.72,79.78,159.44,1
22.15,81.83,453.57,0
24.91,93.69,223.25,1
27.2,66.69,229.24,1
24.45,69.95,688.3,0
31.09,92.63,343.02,1
30.39,85.14,421.37,1
27.83,75.73,505.77,0
24.86,85.72,409.01,0
19.84,74.47,541.01,0
23.56,74.35,135.1,1
27.86,65.47,512.49,0
21.99,78.27,308.15,1
19.46,69.19,630.03,0
30.71,82.18,203.18,1
27.93,73.95,137.77,1
26.61,89.88,155.35,1
29.09,87.0,422.87,0
29.7,65.18,244.84,1
24.77,80.69,556.84,0
30.34,84.98,152.21,1
30.83,78.01,256.2,1
21.8,63.99,601.54,0
26.51,77.61,146.47,1
25.37,75.15,576.82,0
25.53,71.4,184.82,1
31.13,80.39,608.8,0
22.27,71.37,574.74,0
31.77,68.24,246.88,1
30.63,85.76,353.14,1
24.42,67.47,385.64,0
29.44,88.19,348.39,1
28.77,94.27,242.4,1
27.49,75.44,251.17,1
22.48,88.43,520.6,0
20.75,65.89,207.9,1
27.4,87.91,283.55,1
29.8,93.69,156.55,1
18.23,78.1,246.5,1
27.0,68.95,141.93,1
24.2,65.63,525.04,0
30.57,92.08,354.57,1
22.5,71.36,339.05,1
24.64,77.4,401.67,0
25.21,75.17,271.55,1
19.97,75.23,328.99,1
27.98,86.78,462.76,0
29.63,92.73,250.22,1
18.81,82.29,387.94,0
22.08,93.5,453.46,0
18.53,66.67,200.09,1
31.39,79.74,298.04,1
27.34,83.99,440.28,0
31.5,85.02,352.73,1
25.44,86.45,535.28,0
29.23,71.66,254.17,1
23.24,90.88,393.02,0
22.95,64.61,596.21,0
23.3,69.75,202.81,1
27.21,76.4,639.06,0
23.03,80.72,379.4,0
30.61,70.33,398.31,1
31.77,91.77,488.83,0
18.43,75.81,434.26,0
20.71,63.51,597.49,0
19.57,88.67,228.25,1
18.59,93.79,195.34,1
21.19,72.12,272.82,1
24.26,79.41,698.73,0
29.72,80.41,177.34,1
21.11,88.06,427.66,0
24.92,65.31,568.56,0
31.01,89.44,602.91,0
27.34,85.26,675.31,0
29.17,61.22,697.2,0
25.71,79.84,440.31,0
31.73,60.98,259.66,1
26.24,77.38,421.54,0
18.64,80.98,546.9,0
20.77,82.22,396.47,0
23.67,92.44,277.94,1
26.42,70.4,596.81,0
28.81,89.56,600.89,0
23.78,75.83,439.38,0
27.94,83.34,468.9,0
29.06,88.28,417.85,0
22.44,85.34,573.64,0
31.71,87.84,634.51,0
27.1,82.26,121.17,1
30.33,88.03,684.7,0
25.78,91.82,319.59,1
28.38,91.65,351.49,0
28.79,71.48,333.26,1
30.72,94.02,609.73,0
20.1,62.02,547.34,0
25.82,81.57,223.77,1
24.0,77.33,356.69,0
30.92,68.07,121.58,1
19.47,78.73,585.81,0
31.76,62.31,257.04,1
30.26,79.38,168.15,1
19.03,89.91,503.25,0
24.87,64.93,247.08,1
28.05,71.39,438.42,0
28.33,82.09,213.5,1
30.69,72.58,578.26,0
29.2,74.53,689.54,0
22.35,71.85,182.35,1
24.98,76.89,608.02,0
27.83,73.06,404.08,0
19.94,65.05,149.82,1
20.72,66.96,422.36,0
24.73,62.77,399.52,0
22.18,76.37,637.02,0
30.08,89.59,317.43,1
26.21,63.17,559.35,0
22.88,83.06,196.74,1
29.88,74.71,345.33,1
29.27,90.5,432.83,0
31.98,72.72,225.28,1
29.86,84.31,234.71,1
23.8,73.97,262.3,1
19.78,78.97,550.82,0
29.77,87.12,667.22,0
18.84,93.87,193.75,1
22.9,64.72,437.81,0
30.88,78.52,205.32,1
31.45,64.63,151.47,1
26.97,61.07,142.89,1
27.64,86.18,368.77,0
18.59,94.41,366.69,0
25.2,80.84,505.23,0
25.66,62.54,346.16,1
22.76,62.16,253.24,1
18.96,71.01,175.86,1
21.2,73.33,451.27,0
23.01,60.14,246.06,1
24.09,89.49,338.75,1
26.27,76.4,130.17,1
28.11,94.85,264.44,1
22.45,90.95,497.58,0
22.61,77.53,191.42,1
18.28,81.95,503.59,0
18.57,71.01,619.04,0
21.61,70.62,624.23,0
28.36,64.56,211.29,1
26.8,79.09,391.05,0
28.78,62.86,638.85,0
28.76,75.64,543.36,0
29.99,71.26,622.5,0
28.08,87.67,344.4,1
31.71,73.35,409.43,1
30.58,91.55,639.17,0
26.21,66.63,368.83,0
26.23,92.57,508.7,0
18.48,80.77,366.26,0
31.98,64.21,530.64,0
19.84,77.58,475.67,0
28.36,69.38,376.13,0
29.49,86.22,438.43,0
23.22,82.8,466.93,0
20.76,62.2,629.85,0
19.38,74.61,512.59,0
28.48,91.05,533.98,0
24.34,74.27,682.56,0
27.99,86.03,159.24,1
30.82,63.97,228.82,1
20.05,90.34,304.51,1
30.87,77.59,668.72,0
23.76,93.17,252.56,1
22.27,78.81,447.75,0
31.2,86.92,188.3,1
31.87,94.02,276.99,1
20.78,85.53,280.14,1
27.2,80.2,530.91,0
19.49,72.83,183.12,1
27.11,61.49,559.05,0
29.58,75.14,296.06,1
27.58,74.44,545.41,0
23.84,88.81,332.61,1
23.36,66.62,367.31,0
23.5,85.99,192.98,1
26.26,61.31,181.97,1
30.34,91.02,434.27,1
31.01,83.38,489.5,0
18.75,74.79,173.44,1
20.54,69.29,200.87,1
19.57,66.45,138.82,1
20.71,80.5,214.2,1
22.85,74.36,249.09,1
25.09,86.01,520.61,0
26.81,91.74,157.82,1
28.25,70.35,518.7,0
30.46,82.75,355.15,1
31.85,74.8,202.91,1
27.28,61.5,689.75,0
29.84,81.54,412.48,0
28.89,72.73,290.63,1
22.31,60.48,152.19,1
30.26,76.53,302.31,1
18.6,63.21,475.22,0
18.01,81.99,262.55,1
21.83,78.43,450.16,0
24.47,77.51,281.4,1
26.94,92.79,145.78,1
19.42,90.81,359.64,0
27.42,84.99,326.84,1
29.23,80.21,262.62,1
20.59,68.83,426.8,0
23.81,60.29,345.98,1
25.28,64.19,670.97,0
24.33,71.21,480.31,0
29.2,66.89,327.73,1
31.45,79.95,244.32,1
29.19,78.72,505.77,0
19.09,73.64,653.67,0
29.27,88.02,483.73,0
18.93,85.59,601.05,0
21.3,84.08,516.85,0
20.14,77.59,669.37,0
20.77,61.52,356.18,0
25.4,74.98,568.18,0
27.4,77.47,415.33,0
24.58,75.67,148.71,1
31.44,60.16,127.69,1
21.36,82.84,366.57,0
28.68,69.01,502.79,0
30.18,61.56,620.7,0
25.87,77.62,138.92,1
24.39,92.22,666.27,0
26.35,61.03,633.16,0
24.0,60.48,626.7,0
25.77,80.57,492.75,0
23.84,79.0,390.66,0
23.61,60.55,586.32,0
27.73,63.61,239.58,1
19.3,89.27,289.53,1
20.33,75.84,220.16,1
29.92,64.35,698.83,0
28.8,65.46,231.47,1
21.94,81.4,526.44,0
23.28,71.5,388.0,0
30.96,60.9,139.31,1
29.45,82.26,167.13,1
26.6,61.13,659.07,0
21.1,63.86,551.83,0
18.62,65.56,436.69,0
24.04,65.01,241.49,1
27.42,86.65,123.69,1
29.6,63.27,568.14,0
29.94,65.2,301.13,1
18.46,75.65,244.14,1
21.42,64.9,219.94,1
22.75,86.14,589.1,0
20.64,77.07,479.97,0
29.24,90.79,491.95,0
28.74,61.33,656.75,0
25.24,89.93,637.24,0
31.76,65.38,514.67,0
20.02,92.4,677.4,0
30.6,71.41,252.8,1
19.63,77.88,131.37,1
20.28,60.83,654.59,0
27.75,85.52,273.31,1
19.53,67.48,684.4,0
25.92,92.08,249.94,1
23.88,83.16,281.51,1
28.2,69.93,647.48,0
30.61,69.13,591.34,0
28.78,65.97,176.49,1
29.9,88.07,453.77,0
18.46,75.35,211.5,1
22.34,69.69,161.57,1
25.22,93.35,475.18,0
23.82,88.08,165.27,1
21.24,80.52,393.7,0
22.31,88.09,476.42,0
31.24,64.2,664.68,0
22.12,83.53,654.34,0
22.95,71.35,472.33,0
18.05,84.06,411.57,0
29.83,93.66,497.23,0
20.17,87.31,656.48,0
20.86,79.79,694.75,0
21.57,86.09,139.19,1
30.38,76.39,682.34,0
20.89,69.8,585.85,0
29.17,61.42,163.5,1
29.31,83.7,584.1,0
30.98,64.99,504.33,0
19.62,76.08,645.33,0
21.04,83.34,385.52,0
28.4,91.2,411.94,0
20.74,81.33,605.64,0
22.01,67.62,400.6,0
20.33,76.59,425.29,0
20.42,83.37,261.73,1
24.74,66.84,311.65,1
19.54,85.63,286.84,1
22.5,86.73,146.48,1
23.97,78.29,458.16,0
18.34,90.06,608.74,0
23.44,67.87,566.78,0
19.32,78.82,263.02,1
24.91,91.3,460.06,0
29.56,84.65,404.45,0
29.46,88.24,593.6,0
19.13,67.77,325.02,1
26.42,80.05,141.23,1
29.68,71.34,634.62,0
21.33,83.06,508.76,0
28.67,78.29,225.48,1
30.47,81.89,239.31,1
29.29,81.62,350.96,0
19.5,85.78,396.31,0
18.13,87.96,311.57,1
20.68,62.17,419.09,0
21.79,93.19,637.62,0
26.63,74.23,485.38,0
23.38,65.95,334.33,1
27.85,92.27,619.06,0
22.94,87.44,523.52,0
20.16,74.71,464.36,0
22.38,81.0,419.58,0
30.38,67.92,170.95,1
31.42,74.46,463.9,0
20.91,74.03,350.99,0
29.04,86.39,439.19,0
21.83,75.11,191.96,1
30.42,86.42,575.98,0
20.32,87.65,416.93,0
27.32,73.5,601.94,0
19.18,75.4,239.95,1
31.63,78.23,664.09,0
27.81,60.12,455.35,0
29.79,66.83,163.9,1
25.93,89.65,301.96,1
24.68,86.63,689.96,0
26.71,62.7,475.73,0
25.4,82.22,363.45,0
24.57,60.73,651.1,0
28.63,78.7,329.55,1
20.49,65.65,553.34,0
20.4,89.87,204.83,1
24.05,81.52,524.35,0
22.49,62.24,405.04,0
19.04,82.44,366.28,0
29.82,91.23,254.33,1
28.8,85.68,692.72,0
25.61,64.03,191.7,1
31.71,83.28,238.03,1
19.02,81.37,338.9,1
28.73,82.1,196.05,1
21.73,87.83,662.49,0
23.16,70.65,648.02,0
21.07,72.44,374.15,0
29.05,67.06,405.59,0
20.02,76.0,156.01,1
29.76,74.34,606.84,0
27.26,62.94,572.68,0
18.83,68.49,348.11,1
29.35,64.2,396.71,0
26.79,79.41,502.43,0
30.67,66.55,390.04,1
28.48,71.4,278.45,1
25.86,88.6,292.54,1
29.71,80.01,420.04,0
21.89,78.19,696.83,0
25.66,93.05,404.16,0
22.11,75.31,152.36,1
31.55,90.93,664.44,0
21.17,80.22,297.46,1
18.22,74.19,143.1,1
22.56,72.11,161.93,1
25.04,91.62,219.26,1
18.4,79.78,487.81,0
25.83,68.81,333.43,1
30.24,78.18,652.03,0
27.87,68.74,580.1,0
26.72,68.42,306.09,1
31.38,64.52,691.95,0
31.42,84.13,506.57,0
29.54,87.34,130.11,1
26.51,71.33,388.59,0
24.83,74.33,647.99,0
18.19,87.76,291.66,1
26.49,60.57,657.58,0
31.85,71.65,476.91,0
29.45,70.77,458.17,0
22.77,79.02,332.18,1
20.13,91.32,675.02,0
28.98,61.42,369.76,0
28.42,89.5,487.94,0
31.54,79.5,489.51,0
30.25,80.57,493.17,0
25.78,93.49,297.5,1
19.42,64.49,621.55,0
24.77,69.68,464.29,0
22.39,68.05,345.3,1
25.17,76.41,306.92,1
22.22,80.29,185.94,1
30.07,85.48,473.94,0
29.82,61.86,573.91,0
22.42,74.91,365.03,0
26.39,92.35,651.08,0
24.02,76.19,192.81,1
30.73,88.62,402.98,1
20.62,63.92,492.61,0
27.77,70.14,450.37,0
31.59,85.74,635.91,0
20.45,81.75,516.74,0
20.83,75.51,598.52,0
27.71,83.41,504.03,0
28.91,86.98,319.66,1
24.87,91.41,278.1,1
26.54,75.41,322.98,1
20.98,82.49,356.74,0
24.67,73.35,599.55,0
19.57,92.45,532.34,0
22.5,76.82,599.57,0
21.99,74.37,656.58,0
24.22,92.88,592.58,0
31.02,60.07,678.12,0
20.54,71.62,670.92,0
23.62,89.34,306.16,1
26.62,75.8,347.54,1
31.25,72.19,453.62,0
19.86,80.57,520.52,0
30.85,74.16,389.53,1
19.13,71.53,576.91,0
24.73,69.31,486.56,0
24.36,70.96,465.6,0
20.93,92.35,204.33,1
22.86,93.59,219.36,1
24.36,63.46,301.71,1
30.11,85.74,678.24,0
31.37,83.02,164.2,1
25.26,82.08,676.95,0
30.18,61.15,396.72,1
26.51,69.57,372.86,0
22.89,86.11,611.19,0
20.72,77.35,602.26,0
23.78,60.84,197.71,1
25.32,78.43,590.81,0
18.62,89.67,416.21,0
20.04,90.74,307.41,1
26.4,91.45,182.86,1
21.15,78.46,463.49,0
29.72,76.34,572.59,0
22.58,68.55,633.69,0
19.47,90.31,683.54,0
19.17,88.0,191.45,1
31.12,90.23,350.13,1
19.65,67.91,148.23,1
19.97,63.43,488.73,0
30.08,84.45,634.85,0
21.56,91.96,518.61,0
27.32,92.08,345.45,1
29.43,78.5,560.76,0
26.5,82.47,698.04,0
31.4,63.92,120.65,1
27.92,69.64,600.27,0
19.58,78.82,309.24,1
25.82,90.83,553.3,0
28.05,76.94,257.48,1
29.23,80.74,237.06,1
18.37,61.94,589.57,0
28.06,93.76,565.09,0
29.56,77.23,590.51,0
28.46,65.61,559.26,0
25.17,71.86,175.6,1
24.41,77.97,632.07,0
25.69,64.85,339.02,1
27.87,66.88,247.41,1
30.92,92.06,449.19,1
26.64,90.54,320.6,1
30.43,64.28,531.72,0
27.82,69.76,522.88,0
18.96,82.25,613.06,0
25.01,69.09,696.26,0
22.01,60.07,583.75,0
21.99,84.54,202.1,1
22.98,66.76,562.33,0
22.41,71.37,448.8,0
26.1,69.94,446.65,0
27.57,65.33,315.6,1
21.76,64.75,213.23,1
19.82,65.07,220.37,1
18.82,93.86,153.41,1
26.06,85.44,587.1,0
20.61,92.9,551.49,0
18.13,80.0,616.9,0
30.99,71.59,528.4,0
25.52,65.74,217.32,1
19.29,76.92,546.86,0
29.8,77.27,443.55,0
31.76,87.21,183.03,1
24.28,78.5,644.97,0
18.59,66.82,643.34,0
19.65,88.5,484.16,0
23.34,65.18,363.39,0
30.4,78.51,258.0,1
20.07,61.49,176.61,1
29.54,72.92,587.48,0
18.21,83.52,680.72,0
24.4,64.85,128.14,1
27.02,78.37,398.03,0
18.85,78.86,181.5,1
26.61,91.83,362.75,0
31.22,76.33,456.76,0
20.24,62.74,368.88,0
28.21,65.11,129.99,1
26.53,69.65,692.95,0
20.59,87.96,656.97,0
18.09,68.93,567.98,0
18.13,81.33,352.39,0
25.45,62.74,519.9,0
31.2,67.08,531.67,0
27.02,81.67,317.35,1
28.0,63.43,143.02,1
24.91,85.04,480.94,0
26.15,75.72,669.89,0
19.77,69.79,553.72,0
30.28,90.59,252.23,1
28.65,83.56,442.37,0
31.97,62.25,346.32,1
22.17,83.46,436.97,0
21.18,66.94,539.95,0
19.75,92.21,402.3,0
31.5,65.38,649.14,0
28.93,81.58,521.43,0
20.33,68.48,324.34,1
25.74,92.98,475.15,0
23.79,71.36,384.12,0
20.12,80.64,579.38,0
20.27,64.53,124.32,1
31.49,76.78,459.63,0
22.27,81.31,133.63,1
31.18,86.97,688.01,0
19.06,79.5,414.37,0
24.45,84.63,281.7,1
19.81,90.07,184.21,1
18.07,70.45,318.18,1
25.75,71.91,487.77,0
19.59,61.04,684.28,0
28.11,79.4,174.75,1
27.77,94.0,241.94,1
20.47,85.76,280.63,1
31.18,94.74,564.28,0
28.09,75.9,165.8,1
22.17,86.16,638.75,0
27.93,65.64,247.01,1
28.25,74.77,536.46,0
22.79,82.53,561.12,0
23.26,75.76,637.99,0
23.03,61.04,240.37,1
26.63,71.09,539.5,0
30.61,83.66,324.78,1
20.42,73.83,345.21,1
30.25,75.69,414.82,1
18.39,89.97,196.08,1
27.24,69.43,328.06,1
23.8,81.56,665.48,0
29.08,89.6,224.76,1
28.1,88.25,302.8,1
24.72,68.36,588.22,0
27.01,61.79,264.99,1
25.02,69.69,215.58,1
29.36,66.17,230.5,1
24.67,60.97,691.69,0
25.32,70.65,359.72,0
21.51,78.23,349.66,1
26.47,82.76,559.07,0
22.24,73.23,156.39,1
26.08,67.15,218.33,1
20.38,79.93,537.53,0
20.23,86.33,305.4,1
23.84,84.32,526.97,0
23.98,89.99,133.26,1
21.75,69.24,462.41,0
19.84,77.61,435.66,0
18.55,77.1,204.02,1
18.35,71.26,188.87,1
21.8,84.02,658.33,0
24.47,64.7,412.91,0
28.17,88.18,148.94,1
24.65,61.28,206.16,1
30.66,73.59,510.08,0
18.49,81.26,396.52,0
20.53,74.85,466.64,0
22.74,82.95,385.8,0
26.08,61.36,656.8,0
29.94,90.35,598.64,0
22.9,62.72,688.48,0
21.75,70.07,664.76,0
18.87,70.27,542.64,0
29.5,60.41,150.47,1
23.32,63.29,699.48,0
26.0,89.82,394.52,0
31.77,87.15,155.38,1
18.02,85.83,695.03,0
20.04,84.13,450.82,0
28.91,62.61,386.22,0
29.27,70.45,131.48,1
28.77,60.23,368.47,0
25.52,62.12,226.3,1
31.7,61.33,536.99,0
23.55,66.96,124.56,1
26.43,61.97,429.16,0
18.89,60.59,145.36,1
23.74,68.57,534.6,0
28.12,87.96,672.75,0
21.34,61.97,145.13,1
31.21,94.46,179.79,1
27.61,83.02,419.04,0
22.03,90.34,689.83,0
28.77,83.12,358.64,0
19.16,87.19,477.03,0
31.65,70.53,561.76,0
18.69,69.01,658.19,0
31.07,83.25,222.67,1
21.54,79.71,648.63,0
28.61,77.7,483.33,0
18.0,66.2,587.25,0
21.56,68.07,291.42,1
28.49,79.24,410.06,0
25.45,74.35,241.2,1
19.61,93.69,615.67,0
23.51,79.35,238.66,1
23.26,75.11,438.03,0
25.95,93.27,362.39,0
27.35,63.21,148.76,1
29.77,69.51,359.05,0
24.96,72.12,574.95,0
23.49,89.87,426.78,0
20.02,86.82,296.78,1
29.27,70.66,378.34,0
27.99,90.54,569.07,0
23.72,62.19,507.53,0
25.26,77.27,184.32,1
27.31,82.91,428.12,0
20.31,70.93,235.24,1
18.38,62.42,687.48,0
22.45,69.0,548.4,0
26.34,76.93,166.98,1
24.81,71.13,263.97,1
27.7,74.55,165.31,1
29.48,63.26,334.66,1
24.84,60.5,597.16,0
19.88,90.72,158.72,1
29.91,62.73,215.91,1
26.05,70.25,275.12,1
28.36,83.24,481.97,0
27.87,89.56,685.32,0
31.55,71.24,597.18,0
22.13,82.82,236.54,1
27.87,76.52,531.84,0
23.12,61.79,442.7,0
23.54,74.29,405.14,0
21.23,61.04,646.86,0
22.82,93.75,461.12,0
31.28,86.68,199.58,1
22.1,71.88,215.68,1
21.44,68.22,654.74,0
26.16,74.01,166.52,1
21.61,71.07,199.99,1
24.63,72.98,498.81,0
29.68,92.16,250.12,1
21.23,74.16,599.14,0
23.97,85.95,361.28,0
26.55,65.49,399.79,0
25.64,78.68,194.61,1
31.65,77.28,136.33,1
27.53,80.69,560.36,0
28.36,83.8,162.91,1
31.54,90.14,491.29,0
23.8,68.05,431.77,0
22.98,73.35,420.72,0
18.61,62.0,293.82,1
20.58,81.85,558.5,0
21.32,92.72,352.36,0
20.57,73.87,207.73,1
28.57,94.01,152.51,1
25.5,80.93,318.68,1
27.35,67.39,472.67,0
29.49,78.53,247.79,1
21.23,82.4,550.48,0
22.56,83.32,183.06,1
27.92,82.33,393.74,0
23.5,66.64,431.29,0
18.41,67.29,596.19,0
24.09,68.45,188.41,1
30.72,85.65,120.97,1
23.73,77.48,429.55,0
22.65,83.49,207.42,1
31.85,87.98,451.58,0
27.02,79.74,139.08,1
23.12,76.49,404.59,0
19.43,74.09,346.63,1
29.03,78.77,210.62,1
27.91,65.24,391.35,0
30.91,87.53,396.76,1
21.04,91.95,159.37,1
19.61,88.43,512.61,0
28.14,88.77,649.95,0
20.85,89.03,475.8,0
20.47,66.15,483.77,0
22.48,94.85,554.07,0
29.44,83.0,662.92,0
25.55,74.73,689.84,0
18.64,91.08,405.76,0
24.49,80.38,668.1,0
27.58,94.78,328.36,1
25.54,86.32,542.03,0
26.01,72.86,663.34,0
21.15,85.99,129.42,1
29.87,85.55,653.92,0
25.86,70.95,633.33,0
27.99,90.95,239.18,1
31.75,64.93,357.63,1
23.99,72.78,191.29,1
30.33,82.27,553.37,0
18.1,76.77,570.9,0
18.47,83.74,630.95,0
26.26,94.91,376.04,0
22.36,62.73,485.44,0
21.48,86.56,609.32,0
21.89,88.61,174.16,1
22.46,69.88,189.11,1
28.21,68.93,594.32,0
25.97,75.45,376.34,0
29.05,73.78,585.66,0
29.62,77.77,120.09,1
29.8,67.41,186.72,1
23.81,77.28,333.64,1
23.9,88.45,350.64,0
30.97,90.9,603.58,0
27.26,83.34,415.67,0
19.13,70.08,652.42,0
25.59,90.56,366.32,0
22.98,74.74,158.84,1
31.82,68.11,385.62,1
18.19,64.71,358.39,0
26.57,93.66,438.69,0
28.13,63.08,491.1,0
22.04,78.54,154.16,1
31.63,67.08,478.17,0
30.03,90.39,196.72,1
30.82,66.81,370.45,1
18.27,85.78,637.55,0
25.98,65.78,197.63,1
22.13,92.83,241.08,1
29.89,83.22,365.35,0
26.86,74.53,155.03,1
25.54,93.69,286.04,1
19.6,78.34,164.93,1
25.56,73.44,396.69,0
26.85,65.69,452.56,0
31.38,85.24,554.58,0
26.19,80.87,655.48,0
31.54,67.8,373.82,1
31.46,68.75,484.13,0
27.1,67.71,154.84,1
25.08,77.35,395.68,0
24.52,61.66,624.6,0
30.47,70.12,463.52,0
18.4,85.78,337.56,1
19.59,81.74,171.76,1
19.43,88.65,409.18,0
28.6,86.07,652.85,0
22.76,60.74,162.86,1
26.93,79.93,427.91,0
26.45,75.34,367.27,0
23.4,72.65,560.49,0
25.44,94.73,207.67,1
27.03,82.99,219.29,1
31.17,68.79,535.28,0
26.06,78.65,514.38,0
26.6,63.33,420.26,0
18.95,86.08,122.64,1
31.33,72.17,616.29,0
25.39,65.91,692.69,0
29.22,65.68,507.12,0
18.7,60.53,661.27,0
23.89,87.23,559.53,0
21.6,85.5,516.81,0
21.74,76.98,323.73,1
29.08,70.71,166.2,1
26.73,73.71,138.66,1
24.16,90.94,381.33,0
18.15,64.25,386.53,0
31.51,61.03,343.99,1
31.47,67.55,137.36,1
21.05,78.22,235.62,1
18.58,60.27,199.18,1
25.42,63.65,127.39,1
31.32,84.43,479.1,0
30.75,75.68,177.39,1
26.19,93.2,206.07,1
22.25,91.88,177.49,1
22.62,69.68,563.51,0
30.57,73.22,632.36,0
24.88,92.14,188.9,1
19.84,80.27,477.09,0
21.48,72.94,479.42,0
21.88,88.01,283.17,1
19.73,92.36,461.34,0
24.48,83.57,371.3,0
30.82,68.08,182.43,1
27.36,88.67,675.78,0
19.01,74.72,513.61,0
18.08,84.43,673.3,0
21.87,77.02,207.59,1
23.08,92.93,580.61,0
28.87,62.39,363.96,0
31.54,65.45,659.22,0
23.43,66.81,518.45,0
27.61,67.74,205.36,1
31.93,68.24,138.84,1
28.44,65.35,192.86,1
26.91,84.25,533.36,0
19.09,67.64,126.11,1
22.53,68.24,397.39,0
30.79,66.91,440.77,1
20.81,73.95,591.12,0
29.81,93.55,379.03,0
27.75,72.84,123.18,1
23.13,70.42,246.89,1
25.41,62.4,147.58,1
25.6,72.34,688.95,0
28.0,68.13,490.28,0
25.23,86.7,121.11,1
19.86,63.91,142.35,1
28.83,65.03,250.8,1
23.69,69.75,571.74,0
31.48,70.08,351.43,1
21.97,89.62,413.11,0
21.68,87.69,626.06,0
22.67,80.25,636.92,0
26.01,70.1,368.15,0
30.53,71.16,560.89,0
20.47,80.73,255.82,1
21.92,85.9,221.61,1
26.14,73.44,686.25,0
24.36,77.83,490.16,0
24.26,91.08,501.23,0
29.49,82.74,629.15,0
30.93,78.74,135.68,1
24.74,62.49,285.82,1
27.62,66.16,537.12,0
29.21,67.03,383.68,0
25.26,81.81,666.86,0
22.12,63.78,381.33,0
26.93,61.01,193.68,1
26.19,72.61,646.23,0
30.62,85.16,122.97,1
18.73,84.26,560.08,0
30.74,87.74,124.84,1
25.48,84.37,388.66,0
18.22,81.46,239.22,1
22.83,77.02,671.96,0
28.14,67.3,350.11,0
24.84,79.9,137.95,1
31.72,82.28,570.54,0
23.92,64.33,303.62,1
22.57,79.78,490.89,0
29.5,63.42,355.03,0
25.67,79.15,374.34,0
27.55,65.56,273.0,1
29.28,64.17,577.23,0
27.4,63.96,388.96,0
23.91,91.89,142.98,1
19.75,80.93,667.96,0
26.12,68.76,408.21,0
30.56,62.5,401.86,1
23.86,78.77,320.94,1
30.75,65.07,488.39,0
25.05,87.24,352.89,0
26.69,77.36,554.7,0
29.66,85.43,628.42,0
25.9,73.85,404.04,0
19.27,84.58,498.48,0
31.73,83.96,291.41,1
21.44,79.65,482.73,0
27.95,89.6,488.44,0
25.07,80.39,416.95,0
24.7,80.23,212.71,1
21.42,70.78,540.68,0
28.11,92.6,305.41,1
19.58,78.1,345.16,1
31.87,73.71,613.9,0
29.84,78.96,515.05,0
25.48,65.08,167.95,1
23.94,69.28,447.92,0
22.01,70.73,170.41,1
25.02,78.03,494.36,0
30.31,84.34,348.9,1
21.85,70.05,591.54,0
25.01,64.75,572.5,0
21.28,79.57,699.83,0
22.72,89.91,293.52,1
20.66,74.64,221.55,1
31.87,76.65,227.48,1
26.0,70.12,467.37,0
28.26,88.31,314.04,1
19.38,64.22,645.98,0
23.13,65.99,166.03,1
30.5,95.0,563.59,0
19.18,83.88,404.03,0
20.32,79.18,489.71,0
26.76,87.83,460.94,0
26.72,94.89,427.55,0
29.74,66.68,525.04,0
31.1,87.7,436.51,1
19.99,71.98,655.03,0
21.63,85.59,439.97,0
23.98,84.77,653.41,0
18.01,94.94,587.67,0
18.98,63.92,611.58,0
21.17,60.07,640.43,0
24.74,86.17,237.48,1
21.52,79.91,318.68,1
30.27,84.18,641.64,0
22.54,86.37,206.54,1
30.94,77.27,404.28,1
31.65,72.48,180.75,1
24.3,86.96,208.48,1
21.18,73.3,461.56,0
22.08,81.78,349.74,1
28.87,91.27,365.74,0
21.83,65.54,414.72,0
23.33,60.31,503.22,0
24.7,68.99,409.61,0
26.05,87.91,318.23,1
31.95,79.84,231.83,1
21.25,93.12,389.39,0
22.95,79.18,337.82,1
21.68,69.3,592.96,0
23.06,86.81,128.87,1
19.41,83.01,450.83,0
23.04,88.72,478.71,0
30.43,83.38,692.98,0
22.18,75.82,633.51,0
23.21,69.7,420.19,0
31.22,61.95,287.34,1
28.2,70.78,125.91,1
25.23,61.62,259.65,1
28.88,75.05,611.51,0
19.72,67.9,684.49,0
24.5,84.63,526.61,0
19.66,67.71,470.24,0
21.27,62.85,471.62,0
19.99,89.36,496.95,0
23.07,62.1,121.04,1
23.34,86.28,334.58,1
31.26,92.53,310.98,1
21.7,63.75,687.2,0
24.61,79.59,120.42,1
29.36,75.81,547.08,0
29.42,87.95,355.07,0
28.5,81.82,157.56,1
22.03,69.74,329.35,1
24.93,60.05,194.15,1
20.61,76.9,141.67,1
20.64,91.29,516.4,0
24.1,91.69,134.32,1
28.34,64.39,126.94,1
25.37,90.12,367.07,0
30.41,61.21,195.73,1
29.63,63.23,378.75,0
18.44,93.82,332.3,1
25.96,73.54,179.32,1
26.53,62.48,491.03,0
31.46,76.47,496.84,0
18.33,61.61,493.91,0
25.44,60.57,621.49,0
20.87,79.66,123.93,1
18.75,67.39,136.09,1
26.22,81.77,423.44,0
28.82,71.71,390.29,0
28.85,64.64,694.53,0
18.42,94.45,327.37,1
23.7,68.75,345.68,1
18.62,62.17,604.71,0
21.47,69.76,481.39,0
20.7,68.81,161.22,1
21.01,70.49,153.44,1
22.75,72.45,426.56,0
21.88,88.18,350.13,0
31.47,62.09,546.55,0
22.93,72.41,484.28,0
30.52,63.63,120.18,1
20.53,94.38,129.79,1
28.69,65.04,607.03,0
18.86,76.77,215.46,1
24.48,76.8,450.37,0
18.08,87.34,665.49,0
29.34,69.53,680.63,0
31.31,85.82,609.67,0
18.49,60.92,635.58,0
31.07,92.45,644.93,0
28.83,63.46,164.4,1
23.02,76.83,617.2,0
30.72,66.07,361.12,1
22.15,72.9,144.75,1
23.73,82.47,429.24,0
19.35,64.99,187.69,1
27.2,70.12,165.89,1
18.41,83.77,391.2,0
24.79,89.56,302.57,1
27.56,80.75,631.16,0
29.5,78.3,303.04,1
20.1,63.84,597.09,0
28.56,65.13,122.84,1
28.07,93.54,670.54,0
25.83,60.09,151.51,1
26.19,76.95,272.47,1
19.28,86.47,134.43,1
26.41,67.35,676.43,0
23.34,76.08,149.98,1
30.15,77.26,322.42,1
22.38,69.11,505.03,0
26.07,90.76,306.77,1
23.97,92.38,124.34,1
30.27,86.23,259.53,1
21.55,60.3,534.52,0
19.1,82.01,339.4,1
28.48,68.12,595.77,0
23.78,69.35,548.61,0
26.25,66.43,459.87,0
18.37,80.03,174.8,1
31.33,75.64,689.56,0
30.29,66.77,421.99,1
26.73,92.64,270.9,1
18.24,68.37,469.24,0
23.29,87.26,529.93,0
31.7,60.86,391.15,1
27.54,66.42,492.26,0
20.25,88.66,182.66,1
24.45,78.77,626.96,0
31.53,82.61,514.82,0
25.49,75.01,568.33,0
18.34,75.25,185.97,1
26.68,64.39,421.2,0
21.8,65.98,521.7,0
19.38,92.16,422.92,0
23.64,76.02,177.54,1
25.82,76.54,155.18,1
18.24,83.32,477.29,0
25.83,60.49,582.2,0
25.16,78.64,698.04,0
29.11,90.99,449.57,0
23.93,74.61,253.11,1
25.75,74.44,354.94,0
28.39,75.87,181.85,1
30.56,89.93,360.04,1
23.32,81.35,607.3,0
26.42,86.16,346.32,1
27.72,85.14,150.01,1
18.61,61.78,216.23,1
29.21,94.18,508.41,0
23.28,84.72,520.91,0
27.38,80.3,234.86,1
24.6,61.58,589.88,0
27.83,92.13,282.9,1
28.14,76.43,442.31,0
20.68,91.89,298.47,1
27.27,74.64,522.01,0
29.92,80.21,337.89,1
21.3,91.28,561.85,0
28.61,76.13,400.39,0
26.87,66.28,491.36,0
31.37,74.88,657.11,0
21.64,73.36,372.5,0
20.16,85.58,439.37,0
22.37,89.43,229.69,1
21.61,60.4,522.19,0
28.6,77.32,243.37,1
28.26,69.35,520.18,0
27.38,65.76,655.45,0
21.03,83.3,665.95,0
30.07,89.24,585.06,0
31.39,79.05,432.7,1
25.44,66.78,605.59,0
27.09,86.29,385.5,0
25.01,78.25,338.61,1
21.97,88.16,527.35,0
22.01,93.77,240.25,1
22.39,74.68,163.08,1
20.67,71.17,332.3,1
30.63,69.87,317.57,1
30.02,84.18,189.9,1
24.46,94.02,615.65,0
23.14,70.0,507.53,0
31.15,76.18,134.96,1
21.11,80.17,433.29,0
25.75,93.39,209.21,1
18.76,68.65,416.51,0
20.68,93.66,567.33,0
26.46,78.34,359.57,0
27.27,85.49,466.18,0
26.13,87.35,436.93,0
30.17,65.76,455.01,0
31.91,94.12,397.31,1
28.69,94.16,216.88,1
24.51,90.32,260.14,1
29.68,89.52,638.55,0
19.69,71.42,548.16,0
27.57,89.82,690.06,0
25.26,91.09,151.4,1
20.49,69.33,303.61,1
31.62,65.97,676.39,0
22.74,86.49,374.84,0
26.62,80.22,470.52,0
30.3,63.78,450.45,0
25.09,73.98,201.6,1
19.61,71.62,544.04,0
29.46,83.12,153.82,1
22.94,74.71,432.02,0
31.76,82.7,440.53,1
30.37,87.98,237.07,1
29.95,84.75,555.25,0
22.99,81.61,639.78,0
28.6,91.73,687.86,0
31.81,68.67,135.55,1
25.37,77.76,299.64,1
24.59,86.46,656.4,0
18.21,67.84,149.29,1
27.8,67.41,277.77,1
30.02,83.95,429.37,1
21.46,87.32,549.31,0
22.41,91.02,252.27,1
25.01,75.69,294.2,1
19.01,85.07,232.83,1
19.25,65.98,376.98,0
23.9,71.02,412.52,0
21.66,82.12,641.55,0
23.68,65.18,567.04,0
24.36,93.45,534.9,0
31.67,64.48,452.15,0
31.22,87.19,310.58,1
19.96,71.15,160.64,1
30.36,85.65,270.11,1
19.12,74.17,232.92,1
25.11,86.17,252.18,1
20.29,91.51,251.53,1
23.12,80.87,369.72,0
28.41,65.74,340.81,1
23.94,93.29,315.49,1
29.3,78.64,631.12,0
28.06,68.38,237.59,1
31.2,74.29,214.92,1
25.48,85.24,164.08,1
29.23,92.74,656.42,0
22.52,91.73,232.72,1
22.84,64.91,451.92,0
23.61,90.51,336.76,1
23.75,80.66,442.07,0
19.45,74.34,492.69,0
25.27,76.25,607.24,0
19.36,87.81,414.21,0
30.46,89.57,309.8,1
18.87,83.03,225.03,1
24.3,62.05,471.95,0
21.99,88.3,196.56,1
20.17,60.9,616.37,0
28.97,73.57,136.12,1
28.01,75.55,610.27,0
20.04,77.71,247.16,1
26.86,68.96,402.96,0
29.1,74.67,543.7,0
28.83,87.56,574.82,0
19.29,69.49,353.03,0
27.6,88.46,409.68,0
28.02,60.44,137.15,1
30.07,65.0,319.54,1
25.11,92.39,271.72,1
24.46,76.46,346.24,1
31.51,61.78,294.52,1
29.15,81.37,212.65,1
25.82,75.96,666.2,0
22.63,63.1,368.98,0
29.83,72.18,489.93,0
24.38,81.5,657.52,0
19.3,81.97,452.03,0
24.37,91.04,193.66,1
30.21,77.24,577.38,0
24.28,63.67,569.31,0
18.2,63.97,354.67,0
26.56,74.59,432.85,0
31.94,66.49,366.43,1
29.44,92.23,250.06,1
26.64,67.42,562.49,0
30.8,73.17,551.77,0
29.39,77.93,495.29,0
24.98,71.56,384.27,0
26.28,83.26,389.59,0
28.24,81.18,293.1,1
29.85,92.88,274.12,1
18.81,89.12,612.4,0
28.85,81.1,618.44,0
24.27,75.63,128.9,1
27.25,81.52,537.37,0
28.7,81.81,311.35,1
25.55,69.44,653.22,0
20.22,66.23,260.43,1
23.73,78.17,314.53,1
19.08,70.75,553.45,0
27.65,73.48,162.98,1
31.35,60.06,530.66,0
29.13,83.86,511.31,0
23.46,62.03,296.33,1
26.18,85.74,533.41,0
22.26,67.28,643.7,0
25.57,65.77,586.29,0
22.21,81.02,420.35,0
28.34,94.42,196.82,1
21.63,74.77,637.56,0
31.5,90.43,404.04,1
27.27,62.16,356.57,0
18.96,77.8,437.7,0
18.15,83.86,243.86,1
31.96,73.14,314.99,1
21.09,64.53,546.59,0
22.38,60.54,446.82,0
20.92,73.54,562.12,0
30.99,86.0,561.94,0
27.13,94.67,557.08,0
25.06,76.21,203.63,1
25.81,70.32,497.12,0
22.45,72.13,398.5,0
26.6,63.22,156.01,1
23.87,75.75,604.33,0
20.79,81.95,247.43,1
27.19,81.83,127.51,1
23.23,60.45,493.19,0
28.99,82.18,219.82,1
23.82,83.3,155.79,1
25.12,77.57,661.59,0
29.02,93.07,206.12,1
24.27,69.03,421.63,0
31.53,89.82,333.03,1
29.1,66.1,145.95,1
29.57,69.17,302.33,1
31.35,67.17,323.27,1
23.44,90.99,406.19,0
26.12,87.77,529.91,0
27.71,75.77,699.99,0
27.43,73.23,420.77,0
31.34,60.45,666.8,0
22.04,84.57,425.92,0
22.08,93.77,464.34,0
30.85,87.25,200.66,1
29.19,68.16,451.08,0
20.85,69.26,271.13,1
25.98,74.8,278.95,1
28.44,74.27,371.65,0
22.94,68.13,499.17,0
24.08,87.71,478.05,0
26.06,87.51,297.64,1
24.54,84.73,136.68,1
28.54,60.17,261.55,1
18.08,92.11,382.64,0
24.08,71.81,647.52,0
22.73,61.01,474.01,0
26.53,82.31,628.95,0
28.86,85.82,464.54,0
19.07,83.48,377.04,0
20.21,73.68,310.58,1
27.31,90.14,682.65,0
28.34,72.48,397.38,0
26.23,78.84,328.36,1
31.76,92.26,646.48,0
24.99,85.48,590.88,0
19.91,63.31,461.47,0
27.61,87.2,448.32,0
26.43,91.56,408.46,0
26.27,88.89,175.86,1
25.64,76.69,518.75,0
31.15,88.88,337.81,1
19.81,62.65,129.87,1
19.02,68.9,541.11,0
20.16,90.34,195.0,1
21.43,61.45,582.79,0
26.3,73.93,270.55,1
26.57,90.12,460.12,0
21.26,75.6,450.46,0
24.85,62.96,222.58,1
24.75,76.07,374.64,0
24.34,85.63,595.04,0
29.25,71.07,683.75,0
24.6,91.73,130.54,1
28.62,92.93,205.06,1
20.33,65.87,478.11,0
25.45,63.27,121.46,1
29.54,70.48,559.63,0
20.49,76.42,458.15,0
24.51,65.5,510.26,0
26.53,68.45,482.06,0
20.59,92.67,467.43,0
28.59,85.02,179.4,1
19.11,80.93,256.43,1
31.25,84.78,389.07,1
24.56,60.1,313.95,1
22.71,65.09,574.18,0
19.64,84.21,511.66,0
24.06,85.02,300.65,1
27.24,89.85,671.63,0
19.32,80.49,493.66,0
22.29,79.5,611.04,0
